{"_runtime":24,"trainable_params":8798208,"total_params":502830976,"trainable_pct":1.7497346861940344,"_timestamp":1.7779571630134027e+09,"_step":0,"_wandb":{"runtime":24}}