{"trainable_params":8798208,"total_params":323917696,"trainable_pct":2.716186274676392,"_timestamp":1.7779572761236575e+09,"_wandb":{"runtime":18},"_runtime":18,"_step":0}